{
  "autoRotateColliderBox": true,
  "collideBlock": 1,
  "collideEntity": 6,
  "collider": {
    "extent": {
      "x": 0.2,
      "y": 0.2,
      "z": 0.2
    },
    "offset": {
      "x": 0,
      "y": 0,
      "z": 0
    },
    "rotation": {
      "x": 0,
      "y": 0,
      "z": 0
    },
    "type": "Box"
  },
  "followTarget": false,
  "followTargetRotation": true,
  "followTargetRotationOffset": {
    "x": 0,
    "y": 0,
    "z": 0
  },
  "gravity": 0,
  "hitEntityEffect": {
    "effect": "@asset/effect/Horizontal Orange Shockwave Effect/gfxy207_shock wave_orange_3d.effect",
    "once": false,
    "pos": {
      "x": 0,
      "y": 0,
      "z": 0
    },
    "scale": {
      "x": 1,
      "y": 1,
      "z": 1
    },
    "yaw": 0
  },
  "hitEntitySkill": "myplugin/ee85832e-17df-434a-949d-9a7d44bb16c7",
  "hitEntitysRoles": [
    "hitAllTeam",
    "hitAllEntitys",
    "hitAllConfigEntity"
  ],
  "hitInterval": 10,
  "isPitch": true,
  "lifeTime": 100,
  "lockRotateBodyPitch": 0,
  "lockRotateBodyRoll": 0,
  "lockRotateBodyYaw": 0,
  "modelSizeScale": {
    "x": 1,
    "y": 1,
    "z": 1
  },
  "moveAcc": 0,
  "moveSpeed": 2,
  "rotateFree": true,
  "rotateSpeed": 0,
  "startEffect": {
    "effect": "@asset/effect/Horizontal Orange Shockwave Effect/gfxy207_shock wave_orange_3d.effect",
    "once": true,
    "pos": {
      "x": 0,
      "y": 0,
      "z": 5
    },
    "scale": {
      "x": 1,
      "y": 1,
      "z": 1
    },
    "yaw": 0
  },
  "startSound": {
    "attenuationType": "0",
    "is3dSound": true,
    "loop": false,
    "losslessDistance": 3,
    "maxDistance": 10,
    "multiPly": 1,
    "path": "asset/Sound/Fire.mp3",
    "selfOnly": false,
    "sound": "@Sound/Fire.mp3",
    "volume": 1
  },
  "startWithMoveAcc": true,
  "vanishShow": false,
  "vanishTime": 10
}