{
  "_clientScript": [],
  "_serverScript": [],
  "actorGirlName": "asset/Actor/Apron Zombie/Citizen Zombie.actor",
  "actorName": "asset/Actor/Apron Zombie/Citizen Zombie.actor",
  "aiFixSpeedRate": 2,
  "attackNpc": false,
  "autoAttack": true,
  "autoMove": false,
  "autoRotateColliderBox": true,
  "avoidCliff": true,
  "avoidCliffHight": 5,
  "boundingScaleWithSize": true,
  "canClick": false,
  "canHurtMove": true,
  "canJump": true,
  "canMove": true,
  "canPickOnDie": false,
  "canTurnHead": false,
  "castRealShadowAtFirstPRV": false,
  "chaseDistance": 5,
  "chaseInterval": 10,
  "checkPartTouchEvent": true,
  "clickDistance": 4,
  "collider": {
    "extent": {
      "x": 0.6,
      "y": 1.8,
      "z": 0.6
    },
    "offset": {
      "x": 0,
      "y": 0,
      "z": 0
    },
    "rotation": {
      "x": 0,
      "y": 0,
      "z": 0
    },
    "type": "Box"
  },
  "collision": false,
  "damage": 10,
  "deadSound": {
    "attenuationType": "0",
    "is3dSound": true,
    "loop": false,
    "losslessDistance": 5,
    "maxDistance": 15,
    "multiPly": 1,
    "path": "asset/Sound/Zombie 1 Death.mp3",
    "selfOnly": false,
    "sound": "@Sound/Zombie 1 Death.mp3",
    "volume": 1
  },
  "deathHideTime": 20,
  "destroyTime": 20,
  "disableShadow": true,
  "disableShadowAtFirstPRV": true,
  "dropDamageRatio": 0,
  "dropDamageStart": 1.5,
  "enableAI": true,
  "enableMeshNavigate": false,
  "equipTrays": [],
  "eyeHeight": 1.62,
  "followEntityDistanceWhenHasTarget": 10,
  "followEntityDistanceWhenNotTarget": 5,
  "gravity": 0.08,
  "headPic": "",
  "hideHolder": false,
  "hideHp": 0,
  "hideName": true,
  "homeSize": 20,
  "hpBarColor": 4294967551,
  "hpBarHeight": 0.2,
  "hpBarWidth": 1,
  "hpFaceCamera": 1,
  "hurtResistantTime": 0,
  "idleProb": 0,
  "idleTime": [
    10,
    110
  ],
  "isAIGoHomePos": false,
  "isPlayer": false,
  "jumpHeight": 0.6,
  "jumpSpeed": 0.5,
  "maxHp": 25,
  "maxVisualAngle": 360,
  "meetCliffBackRun": true,
  "moveAcc": 0.2,
  "moveFactor": 1,
  "moveSpeed": 0.2,
  "name": "entity_4b44af35-02ce-4054-9d3c-dfe997f7209f",
  "needCheckTouch": true,
  "nextChaseInterval": 2,
  "patrolDistance": 20,
  "randomPlayDeadActions": [
    ""
  ],
  "reachDistance": 6.5,
  "reviveTime": 300,
  "setFollowWhenCreate": true,
  "skillInfoList": [
    {
      "__OBJ_TYPE": "AI_Skill",
      "attackDis": 4,
      "fullName": "myplugin/Punch",
      "priority": 0
    }
  ],
  "skillInfos": [
    "myplugin/Punch"
  ],
  "stepHeight": 0.6,
  "swimSpeed": 0.2,
  "textHeight": 2.3,
  "unassailable": 0,
  "undamageable": 0,
  "waterline": 0
}