{
  "breakTime": 40,
  "canClick": false,
  "candrop": false,
  "canSwim": false,
  "climbSpeed": 0,
  "collisionBoxes": [],
  "dropCount": 1,
  "dropItem": [
    {
      "__OBJ_TYPE": "Block_DropItem",
      "count": 1,
      "item": "myplugin/hEAL"
    }
  ],
  "dropSelf": false,
  "fall": false,
  "isOpaqueFullCube": false,
  "lightOpacity": 0,
  "maxFallSpeed": 1.5,
  "maxSpeed": 500,
  "quads": [
    {
      "pos": [
        {
          "x": 0,
          "y": 1,
          "z": 0
        },
        {
          "x": 0,
          "y": 0,
          "z": 0
        },
        {
          "x": 1,
          "y": 0,
          "z": 1
        },
        {
          "x": 1,
          "y": 1,
          "z": 1
        }
      ],
      "texture": "@asset/Texture/Block/double_plant_paeonia_top.png"
    },
    {
      "pos": [
        {
          "x": 1,
          "y": 1,
          "z": 0
        },
        {
          "x": 1,
          "y": 0,
          "z": 0
        },
        {
          "x": 0,
          "y": 0,
          "z": 1
        },
        {
          "x": 0,
          "y": 1,
          "z": 1
        }
      ],
      "texture": "@asset/Texture/Block/double_plant_paeonia_top.png"
    }
  ],
  "recycle": true,
  "recycleTime": 100,
  "spring": 0,
  "texture": [
    "/block/double_plant_paeonia_top",
    "/block/double_plant_paeonia_top",
    "/block/double_plant_paeonia_top",
    "/block/double_plant_paeonia_top",
    "/block/double_plant_paeonia_top",
    "/block/double_plant_paeonia_top"
  ]
}