{
  "automatch": false,
  "bagCap": 5,
  "batchType": "Dynamic",
  "cameraCfg": {
    "canSwitchView": false,
    "defaultPitch": 0,
    "defaultView": 0,
    "defaultYaw": 0,
    "viewModeConfig": [
      {
        "enable": true,
        "lockSlideScreen": false,
        "viewFovAngle": 75
      },
      {
        "distance": 4,
        "enable": false,
        "enableCollisionDetect": true,
        "lockSlideScreen": false,
        "offset": {
          "__OBJ_TYPE": "Vector3",
          "x": 0,
          "y": 0,
          "z": 0
        },
        "viewFovAngle": 75
      },
      {
        "distance": 4,
        "enable": false,
        "enableCollisionDetect": true,
        "lockSlideScreen": false,
        "offset": {
          "__OBJ_TYPE": "Vector3",
          "x": 0,
          "y": 0,
          "z": 0
        },
        "viewFovAngle": 75
      },
      {
        "distance": 4,
        "enable": false,
        "enableCollisionDetect": true,
        "lockBodyRotation": false,
        "lockSlideScreen": false,
        "offset": {
          "__OBJ_TYPE": "Vector3",
          "x": 0,
          "y": 0,
          "z": 0
        },
        "viewFovAngle": 75
      },
      {
        "enable": false,
        "lockBodyRotation": false,
        "lockSlideScreen": false,
        "lockViewPos": true,
        "pos": {
          "__OBJ_TYPE": "Vector3i",
          "x": 0,
          "y": 0,
          "z": 0
        },
        "viewFovAngle": 75
      }
    ]
  },
  "canJoinMidway": true,
  "collisionMatrix": [
    "1"
  ],
  "defaultMap": "map001",
  "defaultQualityLevel": 1,
  "dragControlConfig": {
    "useDragControl": true
  },
  "editorFovAngle": 65,
  "enableBakeLight": true,
  "enableNewLighting": false,
  "engineDefUIEnable": {
    "actionControl": true,
    "actionControlMode": "flexibleDragControl",
    "appMainRole": true,
    "chat": true,
    "playerinfo": true,
    "shortcutBar": true,
    "toolbar": true
  },
  "forcePickBlock": true,
  "hideCloud": false,
  "hideTeamStatusBar": false,
  "ignoreEmptyStartPos": false,
  "initPos": {
    "map": "map001",
    "x": 1,
    "y": 53,
    "z": 3
  },
  "isTimeStopped": true,
  "jumpControlConfig": {
    "area": [
      [
        0,
        100
      ],
      [
        0,
        60
      ],
      [
        0,
        200
      ],
      [
        0,
        200
      ]
    ],
    "jumpImage": {
      "name": "jump_imagesets/icon_jump_nor.png"
    },
    "jumpPushImage": {
      "name": "jump_imagesets/icon_jump_act.png"
    },
    "useGroup": "_imagesets_"
  },
  "maxPlayers": 4,
  "meshPartStaticMergeRender": true,
  "minPlayers": 1,
  "moveStateConfig": {
    "isShow": false
  },
  "needSave": true,
  "noLoadHp": true,
  "notReadUserSettingCfgAtEditor": true,
  "nowTime": 9666.38888888889,
  "oneDayTime": 600,
  "partGameStaticBatch": true,
  "personalSettingUI": {
    "controlMode": true,
    "guiSize": false,
    "horizon": false,
    "imageQuality": true,
    "jumpSneakState": false,
    "luminance": false,
    "sensitive": true,
    "volume": true
  },
  "personalShop": false,
  "playerCfg": "myplugin/player1",
  "playTime": 6000,
  "qualityLevelData": {
    "maxLevel": [
      2,
      0,
      0.6,
      0.68,
      0.00132,
      3,
      1.4,
      1,
      1,
      0.22,
      -0.00132,
      0.43,
      1,
      0,
      0.1,
      0,
      0,
      2,
      2,
      1,
      0,
      2,
      1.8
    ]
  },
  "replay": false,
  "reportTime": 1200,
  "screenSpaceCull": false,
  "skillJack": {
    "AJackArea": [
      [
        0,
        -40
      ],
      [
        0,
        -40
      ],
      [
        0,
        120
      ],
      [
        0,
        120
      ]
    ],
    "hideBJack": true,
    "lineSkills": [
      {
        "hAlign": 2,
        "itemSpace": 30,
        "jackNum": 2,
        "jackSize": 80,
        "vAlign": 1,
        "xOffset": -50,
        "yOffset": 0
      },
      {
        "hAlign": 1,
        "itemSpace": 30,
        "jackNum": 4,
        "jackSize": 80,
        "vAlign": 0,
        "xOffset": 0,
        "yOffset": 50
      }
    ],
    "sectorSkills": [
      {
        "deltaAngle": 45,
        "jackNum": 3,
        "jackSize": 88,
        "radius": 170,
        "startAngle": 270
      }
    ]
  },
  "startPos": [
    {
      "map": "map001",
      "x": 1,
      "y": 53,
      "z": 3
    }
  ],
  "team": [
    {
      "actorName": "asset/Actor/charactor/charactor_girl/character_girl.actor",
      "id": 1,
      "ignorePlayerSkin": true,
      "image": "asset/Texture/Team/flag/flag_1.png",
      "initPos": {
        "map": "map001",
        "x": 2,
        "y": 53,
        "z": 2
      },
      "mainTeamImageBg": "",
      "mainTeamImageFrame": "flag_textures/flag_frame",
      "memberLimit": 1,
      "name": "team1",
      "startPos": [
        {
          "map": "map001",
          "x": 2,
          "y": 53,
          "z": 1
        }
      ]
    },
    {
      "actorName": "asset/Actor/charactor/charactor_boy/character_boy.actor",
      "id": 2,
      "ignorePlayerSkin": true,
      "image": "asset/Texture/Team/flag/flag_3.png",
      "initPos": {
        "map": "map001",
        "x": 62,
        "y": 53,
        "z": 2
      },
      "mainTeamImageBg": "",
      "mainTeamImageFrame": "flag_textures/flag_frame",
      "memberLimit": 1,
      "name": "team2",
      "startPos": [
        {
          "map": "map001",
          "x": 62,
          "y": 53,
          "z": 2
        }
      ]
    },
    {
      "actorName": "asset/Actor/charactor/charactor_girl/character_girl.actor",
      "id": 3,
      "ignorePlayerSkin": true,
      "image": "asset/Texture/Team/flag/flag_4.png",
      "initPos": {
        "map": "map001",
        "x": 58,
        "y": 53,
        "z": 61
      },
      "mainTeamImageBg": "",
      "mainTeamImageFrame": "flag_textures/flag_frame",
      "memberLimit": 1,
      "name": "team3",
      "startPos": [
        {
          "map": "map001",
          "x": 57,
          "y": 53,
          "z": 62
        }
      ]
    },
    {
      "actorName": "asset/Actor/charactor/charactor_boy/character_boy.actor",
      "id": 4,
      "ignorePlayerSkin": true,
      "image": "asset/Texture/Team/flag/flag_7.png",
      "initPos": {
        "map": "map001",
        "x": 2,
        "y": 53,
        "z": 58
      },
      "mainTeamImageBg": "",
      "mainTeamImageFrame": "flag_textures/flag_frame",
      "memberLimit": 1,
      "name": "team4",
      "startPos": [
        {
          "map": "map001",
          "x": 2,
          "y": 53,
          "z": 60
        }
      ]
    }
  ],
  "teammateHurt": true,
  "topTeamInfo": {
    "teamDieIcon": "flag_textures/flag_die",
    "teamDieIconArea": [
      [
        0,
        5
      ],
      [
        0,
        -7
      ],
      [
        0,
        20
      ],
      [
        0,
        20
      ]
    ],
    "teamInfoArea": [
      [
        0,
        -5
      ],
      [
        0,
        -3
      ],
      [
        0,
        53.45
      ],
      [
        0,
        17
      ]
    ]
  },
  "useHalfImageSize": true,
  "useNewCollisionFiltering": true,
  "useNewFirstViewer": true,
  "useNewQuadConfig": true,
  "useNewUI": true,
  "useVoxelTerrain": false,
  "vars": {
    "__OBJ_TYPE": [],
    "entity": [
      {
        "key": "Player",
        "run_type": "server",
        "save": false
      }
    ],
    "global": [],
    "ui": []
  },
  "waitAtInitPos": true,
  "waitGoTime": 100,
  "waitPlayerTime": 40,
  "waitStartTime": 60
}