{
  "breakTime": 20,
  "canClick": false,
  "candrop": false,
  "canSwim": false,
  "climbSpeed": 0,
  "collisionBoxes": [
    {
      "__OBJ_TYPE": "Box",
      "max": {
        "__OBJ_TYPE": "Vector3",
        "x": 0,
        "y": 0,
        "z": 0
      },
      "min": {
        "__OBJ_TYPE": "Vector3",
        "x": 0,
        "y": 0,
        "z": 0
      }
    }
  ],
  "dropCount": 1,
  "dropItem": [
    {
      "__OBJ_TYPE": "Block_DropItem",
      "count": 1,
      "item": "myplugin/hEAL"
    }
  ],
  "dropSelf": false,
  "fall": false,
  "isOpaqueFullCube": false,
  "lightOpacity": 0,
  "maxFallSpeed": 1.5,
  "maxSpeed": 500,
  "quads": [
    {
      "pos": [
        {
          "x": 0,
          "y": 1,
          "z": 1
        },
        {
          "x": 0,
          "y": 0,
          "z": 1
        },
        {
          "x": 1,
          "y": 0,
          "z": 0
        },
        {
          "x": 1,
          "y": 1,
          "z": 0
        }
      ],
      "texture": "@asset/Texture/Block/flower_houstonia.png"
    },
    {
      "pos": [
        {
          "x": 0,
          "y": 1,
          "z": 0
        },
        {
          "x": 0,
          "y": 0,
          "z": 0
        },
        {
          "x": 1,
          "y": 0,
          "z": 1
        },
        {
          "x": 1,
          "y": 1,
          "z": 1
        }
      ],
      "texture": "@asset/Texture/Block/flower_houstonia.png"
    }
  ],
  "recycle": true,
  "recycleTime": 400,
  "spring": 0,
  "texture": [
    "/block/azure_bluet",
    "/block/azure_bluet",
    "/block/azure_bluet",
    "/block/azure_bluet",
    "/block/azure_bluet",
    "/block/azure_bluet"
  ]
}