{
  "base": "cobblestone",
  "blockHp": 110,
  "breakBlockSound": {
    "attenuationType": "0",
    "is3dSound": true,
    "loop": false,
    "losslessDistance": 3,
    "maxDistance": 10,
    "multiPly": 3,
    "path": "asset/Sound/Broken2.mp3",
    "selfOnly": false,
    "sound": "@Sound/Broken2.mp3",
    "volume": 1
  },
  "breakTime": 20,
  "canClick": false,
  "candrop": false,
  "canSwim": false,
  "climbSpeed": 0,
  "collisionBoxes": [
    {
      "__OBJ_TYPE": "Box",
      "max": {
        "__OBJ_TYPE": "Vector3",
        "x": 1,
        "y": 1,
        "z": 1
      },
      "min": {
        "__OBJ_TYPE": "Vector3",
        "x": 0,
        "y": 0,
        "z": 0
      }
    }
  ],
  "dropCount": 1,
  "dropItem": [
    {
      "__OBJ_TYPE": "Block_DropItem",
      "count": 1,
      "item": "myplugin/Coin"
    }
  ],
  "dropSelf": false,
  "fall": false,
  "maxFallSpeed": 1.5,
  "maxSpeed": 500,
  "recycle": true,
  "recycleTime": 500,
  "reward": 150,
  "spring": 0,
  "texture": [
    "@asset/Texture/Block/gold_ore.png",
    "@asset/Texture/Block/gold_ore.png",
    "@asset/Texture/Block/gold_ore.png",
    "@asset/Texture/Block/gold_ore.png",
    "@asset/Texture/Block/gold_ore.png",
    "@asset/Texture/Block/gold_ore.png"
  ]
}