{
  "_clientScript": [],
  "_serverScript": [],
  "actorGirlName": "asset/Actor/Blue Floating Ghost/g2034_robotSkin_ghost.actor",
  "actorName": "asset/Actor/Blue Floating Ghost/g2034_robotSkin_ghost.actor",
  "aiFixSpeedRate": 2,
  "attackNpc": false,
  "autoAttack": true,
  "autoMove": false,
  "autoRotateColliderBox": true,
  "avoidCliff": true,
  "avoidCliffHight": 5,
  "boundingScaleWithSize": true,
  "canClick": false,
  "canHurtMove": true,
  "canJump": true,
  "canMove": true,
  "canPickOnDie": false,
  "canTurnHead": false,
  "castRealShadowAtFirstPRV": false,
  "chaseDistance": 10,
  "chaseInterval": 10,
  "checkPartTouchEvent": true,
  "clickDistance": 4,
  "collider": {
    "extent": {
      "x": 0.6,
      "y": 1.8,
      "z": 0.6
    },
    "offset": {
      "x": 0,
      "y": 0,
      "z": 0
    },
    "rotation": {
      "x": 0,
      "y": 0,
      "z": 0
    },
    "type": "Box"
  },
  "collision": false,
  "damage": 10,
  "deadSound": {
    "attenuationType": "0",
    "is3dSound": true,
    "loop": false,
    "losslessDistance": 5,
    "maxDistance": 15,
    "multiPly": 1,
    "path": "asset/Sound/Zombie 2 Death.mp3",
    "selfOnly": false,
    "sound": "@Sound/Zombie 2 Death.mp3",
    "volume": 1
  },
  "deathHideTime": 40,
  "destroyTime": 20,
  "disableShadow": true,
  "disableShadowAtFirstPRV": true,
  "dropDamageRatio": 0,
  "dropDamageStart": 1.5,
  "enableAI": true,
  "enableMeshNavigate": false,
  "equipTrays": [],
  "eyeHeight": 1.62,
  "followEntityDistanceWhenHasTarget": 10,
  "followEntityDistanceWhenNotTarget": 5,
  "gravity": 0.08,
  "headPic": "",
  "hideHolder": false,
  "hideHp": 0,
  "hideName": true,
  "homeSize": 20,
  "hpBarColor": 4294967551,
  "hpBarHeight": 0.2,
  "hpBarWidth": 1,
  "hpFaceCamera": 1,
  "hurtResistantTime": 0,
  "idleProb": 0,
  "idleTime": [
    10,
    30
  ],
  "isAIGoHomePos": true,
  "isPlayer": false,
  "jumpHeight": 0.6,
  "jumpSpeed": 0.5,
  "maxHp": 35,
  "maxVisualAngle": 360,
  "meetCliffBackRun": true,
  "moveAcc": 0.2,
  "moveFactor": 1,
  "moveSpeed": 0.2,
  "name": "entity_ebfdac60-d222-4861-9fae-4499bc3ed7ee",
  "needCheckTouch": true,
  "nextChaseInterval": 2,
  "patrolDistance": 5,
  "randomPlayDeadActions": [
    "die"
  ],
  "reachDistance": 6.5,
  "reviveTime": 400,
  "setFollowWhenCreate": true,
  "skillInfoList": [
    {
      "__OBJ_TYPE": "AI_Skill",
      "attackDis": 4,
      "fullName": "myplugin/Tornado",
      "priority": 0
    }
  ],
  "skillInfos": [
    "myplugin/Tornado"
  ],
  "stepHeight": 0.6,
  "swimSpeed": 0.2,
  "textHeight": 2.3,
  "unassailable": 0,
  "undamageable": 0,
  "waterline": 0
}