{
  "bake_texture_size": 64,
  "blinn": 0,
  "canBreak": true,
  "hdr": 0,
  "hideCloud": true,
  "is_bake_light_effect_visible": false,
  "scene": [
    {
      "attributes": [],
      "class": "Entity",
      "config": "myplugin/4b44af35-02ce-4054-9d3c-dfe997f7209f",
      "customProperties": [],
      "properties": {
        "bakeTextureWeight": "1",
        "batchType": "Static",
        "canAcceptShadow": "true",
        "canGenerateShadow": "true",
        "collisionGroup": "1",
        "id": "8772665254211878913",
        "isVisibleInEditor": "true",
        "name": "Monster",
        "needSync": "true",
        "position": "x:15.1462955474854 y:53.0030403137207 z:11.7920980453491",
        "rotation": "x:0 y:81.9992065429688 z:0",
        "scale": "x:1 y:1 z:1",
        "selectable": "true",
        "useAnchor": "false",
        "useForCollision": "false"
      }
    },
    {
      "attributes": [],
      "class": "Entity",
      "config": "myplugin/4b44af35-02ce-4054-9d3c-dfe997f7209f",
      "customProperties": [],
      "properties": {
        "bakeTextureWeight": "1",
        "batchType": "Static",
        "canAcceptShadow": "true",
        "canGenerateShadow": "true",
        "collisionGroup": "1",
        "id": "8772666913756102657",
        "isVisibleInEditor": "true",
        "name": "Monster",
        "needSync": "true",
        "position": "x:17.3268127441406 y:53 z:27.914005279541",
        "rotation": "x:0 y:0 z:0",
        "scale": "x:1 y:1 z:1",
        "selectable": "true",
        "useAnchor": "false",
        "useForCollision": "false"
      }
    },
    {
      "attributes": [],
      "class": "Entity",
      "config": "myplugin/ebfdac60-d222-4861-9fae-4499bc3ed7ee",
      "customProperties": [],
      "properties": {
        "bakeTextureWeight": "1",
        "batchType": "Static",
        "canAcceptShadow": "true",
        "canGenerateShadow": "true",
        "collisionGroup": "1",
        "id": "8772667681711718401",
        "isVisibleInEditor": "true",
        "name": "Zombie Es",
        "needSync": "true",
        "position": "x:13.5745801925659 y:53.0027732849121 z:40.0193901062012",
        "rotation": "x:0 y:0 z:0",
        "scale": "x:1 y:1 z:1",
        "selectable": "true",
        "useAnchor": "false",
        "useForCollision": "false"
      }
    },
    {
      "attributes": [],
      "class": "Entity",
      "config": "myplugin/ebfdac60-d222-4861-9fae-4499bc3ed7ee",
      "customProperties": [],
      "properties": {
        "bakeTextureWeight": "1",
        "batchType": "Static",
        "canAcceptShadow": "true",
        "canGenerateShadow": "true",
        "collisionGroup": "1",
        "id": "8772667723765530625",
        "isVisibleInEditor": "true",
        "name": "Zombie Es",
        "needSync": "true",
        "position": "x:17.4716682434082 y:53.0007781982422 z:48.9679412841797",
        "rotation": "x:0 y:0 z:0",
        "scale": "x:1 y:1 z:1",
        "selectable": "true",
        "useAnchor": "false",
        "useForCollision": "false"
      }
    },
    {
      "attributes": [],
      "class": "Entity",
      "config": "myplugin/4b44af35-02ce-4054-9d3c-dfe997f7209f",
      "customProperties": [],
      "properties": {
        "bakeTextureWeight": "1",
        "batchType": "Static",
        "canAcceptShadow": "true",
        "canGenerateShadow": "true",
        "collisionGroup": "1",
        "id": "8787909289478602753",
        "isVisibleInEditor": "true",
        "name": "Monster",
        "needSync": "true",
        "position": "x:31.5482311248779 y:53.0000114440918 z:40.0061683654785",
        "rotation": "x:0 y:0 z:0",
        "scale": "x:1 y:1 z:1",
        "selectable": "true",
        "useAnchor": "false",
        "useForCollision": "false"
      }
    },
    {
      "attributes": [],
      "class": "Entity",
      "config": "myplugin/4b44af35-02ce-4054-9d3c-dfe997f7209f",
      "customProperties": [],
      "properties": {
        "bakeTextureWeight": "1",
        "batchType": "Static",
        "canAcceptShadow": "true",
        "canGenerateShadow": "true",
        "collisionGroup": "1",
        "id": "8787909380260691969",
        "isVisibleInEditor": "true",
        "name": "Monster",
        "needSync": "true",
        "position": "x:46.1600646972656 y:53 z:15.0732975006104",
        "rotation": "x:0 y:0 z:0",
        "scale": "x:1 y:1 z:1",
        "selectable": "true",
        "useAnchor": "false",
        "useForCollision": "false"
      }
    },
    {
      "attributes": [],
      "class": "Entity",
      "config": "myplugin/4b44af35-02ce-4054-9d3c-dfe997f7209f",
      "customProperties": [],
      "properties": {
        "bakeTextureWeight": "1",
        "batchType": "Static",
        "canAcceptShadow": "true",
        "canGenerateShadow": "true",
        "collisionGroup": "1",
        "id": "8787909487456878593",
        "isVisibleInEditor": "true",
        "name": "Monster",
        "needSync": "true",
        "position": "x:51.8851318359375 y:53.0000038146973 z:50.703441619873",
        "rotation": "x:0 y:0 z:0",
        "scale": "x:1 y:1 z:1",
        "selectable": "true",
        "useAnchor": "false",
        "useForCollision": "false"
      }
    },
    {
      "attributes": [],
      "class": "Entity",
      "config": "myplugin/ebfdac60-d222-4861-9fae-4499bc3ed7ee",
      "customProperties": [],
      "properties": {
        "bakeTextureWeight": "1",
        "batchType": "Static",
        "canAcceptShadow": "true",
        "canGenerateShadow": "true",
        "collisionGroup": "1",
        "id": "8787910296307204097",
        "isVisibleInEditor": "true",
        "name": "Zombie Es",
        "needSync": "true",
        "position": "x:26.0890827178955 y:53 z:21.060791015625",
        "rotation": "x:0 y:0 z:0",
        "scale": "x:1 y:1 z:1",
        "selectable": "true",
        "useAnchor": "false",
        "useForCollision": "false"
      }
    },
    {
      "attributes": [],
      "class": "Entity",
      "config": "myplugin/ebfdac60-d222-4861-9fae-4499bc3ed7ee",
      "customProperties": [],
      "properties": {
        "bakeTextureWeight": "1",
        "batchType": "Static",
        "canAcceptShadow": "true",
        "canGenerateShadow": "true",
        "collisionGroup": "1",
        "id": "8787910321509154817",
        "isVisibleInEditor": "true",
        "name": "Zombie Es",
        "needSync": "true",
        "position": "x:45.5621795654297 y:53.0000038146973 z:28.9035625457764",
        "rotation": "x:0 y:0 z:0",
        "scale": "x:1 y:1 z:1",
        "selectable": "true",
        "useAnchor": "false",
        "useForCollision": "false"
      }
    },
    {
      "attributes": [],
      "class": "Entity",
      "config": "myplugin/ebfdac60-d222-4861-9fae-4499bc3ed7ee",
      "customProperties": [],
      "properties": {
        "bakeTextureWeight": "1",
        "batchType": "Static",
        "canAcceptShadow": "true",
        "canGenerateShadow": "true",
        "collisionGroup": "1",
        "id": "8787910361296191489",
        "isVisibleInEditor": "true",
        "name": "Zombie Es",
        "needSync": "true",
        "position": "x:54.2225189208984 y:52.1147727966309 z:33.3000869750977",
        "rotation": "x:0 y:0 z:0",
        "scale": "x:1 y:1 z:1",
        "selectable": "true",
        "useAnchor": "false",
        "useForCollision": "false"
      }
    },
    {
      "attributes": [],
      "class": "Entity",
      "config": "myplugin/ebfdac60-d222-4861-9fae-4499bc3ed7ee",
      "customProperties": [],
      "properties": {
        "bakeTextureWeight": "1",
        "batchType": "Static",
        "canAcceptShadow": "true",
        "canGenerateShadow": "true",
        "collisionGroup": "1",
        "id": "8787910432039829505",
        "isVisibleInEditor": "true",
        "name": "Zombie Es",
        "needSync": "true",
        "position": "x:55.5380668640137 y:53.0000038146973 z:18.3032646179199",
        "rotation": "x:0 y:0 z:0",
        "scale": "x:1 y:1 z:1",
        "selectable": "true",
        "useAnchor": "false",
        "useForCollision": "false"
      }
    },
    {
      "attributes": [],
      "class": "Entity",
      "config": "myplugin/ebfdac60-d222-4861-9fae-4499bc3ed7ee",
      "customProperties": [],
      "properties": {
        "bakeTextureWeight": "1",
        "batchType": "Static",
        "canAcceptShadow": "true",
        "canGenerateShadow": "true",
        "collisionGroup": "1",
        "id": "8787910560050626561",
        "isVisibleInEditor": "true",
        "name": "Zombie Es",
        "needSync": "true",
        "position": "x:36.220100402832 y:52.9999961853027 z:48.5558052062988",
        "rotation": "x:0 y:0 z:0",
        "scale": "x:1 y:1 z:1",
        "selectable": "true",
        "useAnchor": "false",
        "useForCollision": "false"
      }
    },
    {
      "attributes": [],
      "class": "Entity",
      "config": "myplugin/ebfdac60-d222-4861-9fae-4499bc3ed7ee",
      "customProperties": [],
      "properties": {
        "bakeTextureWeight": "1",
        "batchType": "Static",
        "canAcceptShadow": "true",
        "canGenerateShadow": "true",
        "collisionGroup": "1",
        "id": "8787910659005038593",
        "isVisibleInEditor": "true",
        "name": "Zombie Es",
        "needSync": "true",
        "position": "x:45.0444412231445 y:53.0052032470703 z:48.7253150939941",
        "rotation": "x:0 y:0 z:0",
        "scale": "x:1 y:1 z:1",
        "selectable": "true",
        "useAnchor": "false",
        "useForCollision": "false"
      }
    },
    {
      "attributes": [],
      "class": "Entity",
      "config": "myplugin/ebfdac60-d222-4861-9fae-4499bc3ed7ee",
      "customProperties": [],
      "properties": {
        "bakeTextureWeight": "1",
        "batchType": "Static",
        "canAcceptShadow": "true",
        "canGenerateShadow": "true",
        "collisionGroup": "1",
        "id": "8787922702816673793",
        "isVisibleInEditor": "true",
        "name": "Zombie Es",
        "needSync": "true",
        "position": "x:10.9533681869507 y:53.0092353820801 z:21.0084457397461",
        "rotation": "x:0 y:0 z:0",
        "scale": "x:1 y:1 z:1",
        "selectable": "true",
        "useAnchor": "false",
        "useForCollision": "false"
      }
    },
    {
      "attributes": [],
      "children": [
        {
          "attributes": {
            "ui": "dddd"
          },
          "class": "SceneUI",
          "customProperties": [],
          "properties": {
            "id": "8808274204956868609",
            "isFaceCamera": "true",
            "isLock": "false",
            "isTop": "false",
            "isVisibleInEditor": "true",
            "layoutFile": "Texture/SkyBox/Common/Score.layout",
            "name": "SceneUI",
            "position": "x:0 y:30 z:0",
            "rangeDistance": "128",
            "rotation": "x:0 y:0 z:0",
            "size": "x:1 y:1",
            "stretch": "false",
            "uiID": "8808274204956868609",
            "uiScaleMode": "1",
            "useForCollision": "false"
          }
        }
      ],
      "class": "Entity",
      "config": "myplugin/NPC",
      "customProperties": [],
      "properties": {
        "bakeTextureWeight": "1",
        "batchType": "Static",
        "canAcceptShadow": "true",
        "canGenerateShadow": "true",
        "collisionGroup": "1",
        "id": "8808487530588176385",
        "isVisibleInEditor": "true",
        "name": "NPC",
        "needSync": "true",
        "position": "x:30.2711849212646 y:56.0000076293945 z:31.8921318054199",
        "rotation": "x:0 y:0 z:0",
        "scale": "x:1 y:1 z:1",
        "selectable": "true",
        "useAnchor": "false",
        "useForCollision": "false"
      }
    },
    {
      "attributes": [],
      "class": "Entity",
      "config": "myplugin/4b44af35-02ce-4054-9d3c-dfe997f7209f",
      "customProperties": [],
      "properties": {
        "bakeTextureWeight": "1",
        "batchType": "Static",
        "canAcceptShadow": "true",
        "canGenerateShadow": "true",
        "collisionGroup": "1",
        "id": "8809079602453479425",
        "isVisibleInEditor": "true",
        "name": "Monster",
        "needSync": "true",
        "position": "x:36.6244087219238 y:52.9999961853027 z:21.5926475524902",
        "rotation": "x:0 y:0 z:0",
        "scale": "x:1 y:1 z:1",
        "selectable": "true",
        "useAnchor": "false",
        "useForCollision": "false"
      }
    },
    {
      "attributes": [],
      "class": "Entity",
      "config": "myplugin/4b44af35-02ce-4054-9d3c-dfe997f7209f",
      "customProperties": [],
      "properties": {
        "bakeTextureWeight": "1",
        "batchType": "Static",
        "canAcceptShadow": "true",
        "canGenerateShadow": "true",
        "collisionGroup": "1",
        "id": "8809079625532342273",
        "isVisibleInEditor": "true",
        "name": "Monster",
        "needSync": "true",
        "position": "x:30.2981204986572 y:52.9999961853027 z:22.9525623321533",
        "rotation": "x:0 y:0 z:0",
        "scale": "x:1 y:1 z:1",
        "selectable": "true",
        "useAnchor": "false",
        "useForCollision": "false"
      }
    },
    {
      "attributes": [],
      "class": "Entity",
      "config": "myplugin/4b44af35-02ce-4054-9d3c-dfe997f7209f",
      "customProperties": [],
      "properties": {
        "bakeTextureWeight": "1",
        "batchType": "Static",
        "canAcceptShadow": "true",
        "canGenerateShadow": "true",
        "collisionGroup": "1",
        "id": "8809079645694787585",
        "isVisibleInEditor": "true",
        "name": "Monster",
        "needSync": "true",
        "position": "x:17.6179866790771 y:53.0000114440918 z:24.9651737213135",
        "rotation": "x:0 y:0 z:0",
        "scale": "x:1 y:1 z:1",
        "selectable": "true",
        "useAnchor": "false",
        "useForCollision": "false"
      }
    },
    {
      "attributes": [],
      "class": "Entity",
      "config": "myplugin/4b44af35-02ce-4054-9d3c-dfe997f7209f",
      "customProperties": [],
      "properties": {
        "bakeTextureWeight": "1",
        "batchType": "Static",
        "canAcceptShadow": "true",
        "canGenerateShadow": "true",
        "collisionGroup": "1",
        "id": "8809079661950631937",
        "isVisibleInEditor": "true",
        "name": "Monster",
        "needSync": "true",
        "position": "x:30.6398735046387 y:52.9999961853027 z:15.1214380264282",
        "rotation": "x:0 y:0 z:0",
        "scale": "x:1 y:1 z:1",
        "selectable": "true",
        "useAnchor": "false",
        "useForCollision": "false"
      }
    },
    {
      "attributes": [],
      "class": "Entity",
      "config": "myplugin/4b44af35-02ce-4054-9d3c-dfe997f7209f",
      "customProperties": [],
      "properties": {
        "bakeTextureWeight": "1",
        "batchType": "Static",
        "canAcceptShadow": "true",
        "canGenerateShadow": "true",
        "collisionGroup": "1",
        "id": "8809079687587086337",
        "isVisibleInEditor": "true",
        "name": "Monster",
        "needSync": "true",
        "position": "x:27.9146137237549 y:53 z:27.312385559082",
        "rotation": "x:0 y:0 z:0",
        "scale": "x:1 y:1 z:1",
        "selectable": "true",
        "useAnchor": "false",
        "useForCollision": "false"
      }
    },
    {
      "attributes": [],
      "class": "Entity",
      "config": "myplugin/4b44af35-02ce-4054-9d3c-dfe997f7209f",
      "customProperties": [],
      "properties": {
        "bakeTextureWeight": "1",
        "batchType": "Static",
        "canAcceptShadow": "true",
        "canGenerateShadow": "true",
        "collisionGroup": "1",
        "id": "8809079790509621249",
        "isVisibleInEditor": "true",
        "name": "Monster",
        "needSync": "true",
        "position": "x:57.3937454223633 y:53.0000038146973 z:2.05818223953247",
        "rotation": "x:0 y:0 z:0",
        "scale": "x:1 y:1 z:1",
        "selectable": "true",
        "useAnchor": "false",
        "useForCollision": "false"
      }
    },
    {
      "attributes": [],
      "class": "Entity",
      "config": "myplugin/4b44af35-02ce-4054-9d3c-dfe997f7209f",
      "customProperties": [],
      "properties": {
        "bakeTextureWeight": "1",
        "batchType": "Static",
        "canAcceptShadow": "true",
        "canGenerateShadow": "true",
        "collisionGroup": "1",
        "id": "8809079842979266561",
        "isVisibleInEditor": "true",
        "name": "Monster",
        "needSync": "true",
        "position": "x:35.6130142211914 y:53 z:2.32544994354248",
        "rotation": "x:0 y:0 z:0",
        "scale": "x:1 y:1 z:1",
        "selectable": "true",
        "useAnchor": "false",
        "useForCollision": "false"
      }
    },
    {
      "attributes": [],
      "class": "Entity",
      "config": "myplugin/4b44af35-02ce-4054-9d3c-dfe997f7209f",
      "customProperties": [],
      "properties": {
        "bakeTextureWeight": "1",
        "batchType": "Static",
        "canAcceptShadow": "true",
        "canGenerateShadow": "true",
        "collisionGroup": "1",
        "id": "8809079871132106753",
        "isVisibleInEditor": "true",
        "name": "Monster",
        "needSync": "true",
        "position": "x:25.8408107757568 y:53.0003662109375 z:4.96223735809326",
        "rotation": "x:0 y:0 z:0",
        "scale": "x:1 y:1 z:1",
        "selectable": "true",
        "useAnchor": "false",
        "useForCollision": "false"
      }
    },
    {
      "attributes": [],
      "class": "Entity",
      "config": "myplugin/ebfdac60-d222-4861-9fae-4499bc3ed7ee",
      "customProperties": [],
      "properties": {
        "bakeTextureWeight": "1",
        "batchType": "Static",
        "canAcceptShadow": "true",
        "canGenerateShadow": "true",
        "collisionGroup": "1",
        "id": "8809080170460332033",
        "isVisibleInEditor": "true",
        "name": "Zombie Es",
        "needSync": "true",
        "position": "x:49.9664421081543 y:53.0003395080566 z:9.8461742401123",
        "rotation": "x:0 y:0 z:0",
        "scale": "x:1 y:1 z:1",
        "selectable": "true",
        "useAnchor": "false",
        "useForCollision": "false"
      }
    },
    {
      "attributes": [],
      "class": "Entity",
      "config": "myplugin/ebfdac60-d222-4861-9fae-4499bc3ed7ee",
      "customProperties": [],
      "properties": {
        "bakeTextureWeight": "1",
        "batchType": "Static",
        "canAcceptShadow": "true",
        "canGenerateShadow": "true",
        "collisionGroup": "1",
        "id": "8809080243879723009",
        "isVisibleInEditor": "true",
        "name": "Zombie Es",
        "needSync": "true",
        "position": "x:42.8008003234863 y:52.9999961853027 z:2.1163444519043",
        "rotation": "x:0 y:0 z:0",
        "scale": "x:1 y:1 z:1",
        "selectable": "true",
        "useAnchor": "false",
        "useForCollision": "false"
      }
    },
    {
      "attributes": [],
      "class": "Entity",
      "config": "myplugin/ebfdac60-d222-4861-9fae-4499bc3ed7ee",
      "customProperties": [],
      "properties": {
        "bakeTextureWeight": "1",
        "batchType": "Static",
        "canAcceptShadow": "true",
        "canGenerateShadow": "true",
        "collisionGroup": "1",
        "id": "8809080275678347265",
        "isVisibleInEditor": "true",
        "name": "Zombie Es",
        "needSync": "true",
        "position": "x:29.2103481292725 y:53 z:1.93231201171875",
        "rotation": "x:0 y:0 z:0",
        "scale": "x:1 y:1 z:1",
        "selectable": "true",
        "useAnchor": "false",
        "useForCollision": "false"
      }
    },
    {
      "attributes": [],
      "class": "Entity",
      "config": "myplugin/ebfdac60-d222-4861-9fae-4499bc3ed7ee",
      "customProperties": [],
      "properties": {
        "bakeTextureWeight": "1",
        "batchType": "Static",
        "canAcceptShadow": "true",
        "canGenerateShadow": "true",
        "collisionGroup": "1",
        "id": "8809080300237242369",
        "isVisibleInEditor": "true",
        "name": "Zombie Es",
        "needSync": "true",
        "position": "x:60.8830299377441 y:53.0000038146973 z:19.8916320800781",
        "rotation": "x:0 y:0 z:0",
        "scale": "x:1 y:1 z:1",
        "selectable": "true",
        "useAnchor": "false",
        "useForCollision": "false"
      }
    },
    {
      "attributes": [],
      "class": "Entity",
      "config": "myplugin/ebfdac60-d222-4861-9fae-4499bc3ed7ee",
      "customProperties": [],
      "properties": {
        "bakeTextureWeight": "1",
        "batchType": "Static",
        "canAcceptShadow": "true",
        "canGenerateShadow": "true",
        "collisionGroup": "1",
        "id": "8809080339097632769",
        "isVisibleInEditor": "true",
        "name": "Zombie Es",
        "needSync": "true",
        "position": "x:61.7672538757324 y:52.9999961853027 z:31.241756439209",
        "rotation": "x:0 y:0 z:0",
        "scale": "x:1 y:1 z:1",
        "selectable": "true",
        "useAnchor": "false",
        "useForCollision": "false"
      }
    },
    {
      "attributes": [],
      "class": "Entity",
      "config": "myplugin/ebfdac60-d222-4861-9fae-4499bc3ed7ee",
      "customProperties": [],
      "properties": {
        "bakeTextureWeight": "1",
        "batchType": "Static",
        "canAcceptShadow": "true",
        "canGenerateShadow": "true",
        "collisionGroup": "1",
        "id": "8809080364797558785",
        "isVisibleInEditor": "true",
        "name": "Zombie Es",
        "needSync": "true",
        "position": "x:61.847900390625 y:53 z:49.1098670959473",
        "rotation": "x:0 y:0 z:0",
        "scale": "x:1 y:1 z:1",
        "selectable": "true",
        "useAnchor": "false",
        "useForCollision": "false"
      }
    },
    {
      "attributes": [],
      "class": "Entity",
      "config": "myplugin/ebfdac60-d222-4861-9fae-4499bc3ed7ee",
      "customProperties": [],
      "properties": {
        "bakeTextureWeight": "1",
        "batchType": "Static",
        "canAcceptShadow": "true",
        "canGenerateShadow": "true",
        "collisionGroup": "1",
        "id": "8809080406919593985",
        "isVisibleInEditor": "true",
        "name": "Zombie Es",
        "needSync": "true",
        "position": "x:43.8843955993652 y:53 z:35.0093688964844",
        "rotation": "x:0 y:0 z:0",
        "scale": "x:1 y:1 z:1",
        "selectable": "true",
        "useAnchor": "false",
        "useForCollision": "false"
      }
    },
    {
      "attributes": [],
      "class": "Entity",
      "config": "myplugin/ebfdac60-d222-4861-9fae-4499bc3ed7ee",
      "customProperties": [],
      "properties": {
        "bakeTextureWeight": "1",
        "batchType": "Static",
        "canAcceptShadow": "true",
        "canGenerateShadow": "true",
        "collisionGroup": "1",
        "id": "8809080481574584321",
        "isVisibleInEditor": "true",
        "name": "Zombie Es",
        "needSync": "true",
        "position": "x:26.7682209014893 y:53 z:59.5918960571289",
        "rotation": "x:0 y:0 z:0",
        "scale": "x:1 y:1 z:1",
        "selectable": "true",
        "useAnchor": "false",
        "useForCollision": "false"
      }
    },
    {
      "attributes": [],
      "class": "Entity",
      "config": "myplugin/ebfdac60-d222-4861-9fae-4499bc3ed7ee",
      "customProperties": [],
      "properties": {
        "bakeTextureWeight": "1",
        "batchType": "Static",
        "canAcceptShadow": "true",
        "canGenerateShadow": "true",
        "collisionGroup": "1",
        "id": "8809080503739269121",
        "isVisibleInEditor": "true",
        "name": "Zombie Es",
        "needSync": "true",
        "position": "x:15.1731014251709 y:53 z:55.9460220336914",
        "rotation": "x:0 y:0 z:0",
        "scale": "x:1 y:1 z:1",
        "selectable": "true",
        "useAnchor": "false",
        "useForCollision": "false"
      }
    },
    {
      "attributes": [],
      "class": "Entity",
      "config": "myplugin/ebfdac60-d222-4861-9fae-4499bc3ed7ee",
      "customProperties": [],
      "properties": {
        "bakeTextureWeight": "1",
        "batchType": "Static",
        "canAcceptShadow": "true",
        "canGenerateShadow": "true",
        "collisionGroup": "1",
        "id": "8809080535886610433",
        "isVisibleInEditor": "true",
        "name": "Zombie Es",
        "needSync": "true",
        "position": "x:7.53021669387817 y:53.0075073242188 z:55.2306632995605",
        "rotation": "x:0 y:0 z:0",
        "scale": "x:1 y:1 z:1",
        "selectable": "true",
        "useAnchor": "false",
        "useForCollision": "false"
      }
    },
    {
      "attributes": [],
      "class": "Entity",
      "config": "myplugin/4b44af35-02ce-4054-9d3c-dfe997f7209f",
      "customProperties": [],
      "properties": {
        "bakeTextureWeight": "1",
        "batchType": "Static",
        "canAcceptShadow": "true",
        "canGenerateShadow": "true",
        "collisionGroup": "1",
        "id": "8809080631725129729",
        "isVisibleInEditor": "true",
        "name": "Monster",
        "needSync": "true",
        "position": "x:15.7345790863037 y:53.0091819763184 z:61.7038383483887",
        "rotation": "x:0 y:0 z:0",
        "scale": "x:1 y:1 z:1",
        "selectable": "true",
        "useAnchor": "false",
        "useForCollision": "false"
      }
    },
    {
      "attributes": [],
      "class": "Entity",
      "config": "myplugin/4b44af35-02ce-4054-9d3c-dfe997f7209f",
      "customProperties": [],
      "properties": {
        "bakeTextureWeight": "1",
        "batchType": "Static",
        "canAcceptShadow": "true",
        "canGenerateShadow": "true",
        "collisionGroup": "1",
        "id": "8809080667968552961",
        "isVisibleInEditor": "true",
        "name": "Monster",
        "needSync": "true",
        "position": "x:2.41930866241455 y:52.9999923706055 z:43.669490814209",
        "rotation": "x:0 y:0 z:0",
        "scale": "x:1 y:1 z:1",
        "selectable": "true",
        "useAnchor": "false",
        "useForCollision": "false"
      }
    },
    {
      "attributes": [],
      "class": "Entity",
      "config": "myplugin/4b44af35-02ce-4054-9d3c-dfe997f7209f",
      "customProperties": [],
      "properties": {
        "bakeTextureWeight": "1",
        "batchType": "Static",
        "canAcceptShadow": "true",
        "canGenerateShadow": "true",
        "collisionGroup": "1",
        "id": "8809080766292541441",
        "isVisibleInEditor": "true",
        "name": "Monster",
        "needSync": "true",
        "position": "x:5.84802913665771 y:53.200740814209 z:24.3776550292969",
        "rotation": "x:0 y:0 z:0",
        "scale": "x:1 y:1 z:1",
        "selectable": "true",
        "useAnchor": "false",
        "useForCollision": "false"
      }
    },
    {
      "attributes": [],
      "class": "Entity",
      "config": "myplugin/ebfdac60-d222-4861-9fae-4499bc3ed7ee",
      "customProperties": [],
      "properties": {
        "bakeTextureWeight": "1",
        "batchType": "Static",
        "canAcceptShadow": "true",
        "canGenerateShadow": "true",
        "collisionGroup": "1",
        "id": "8809080830148820993",
        "isVisibleInEditor": "true",
        "name": "Zombie Es",
        "needSync": "true",
        "position": "x:3.37170648574829 y:53 z:19.4849834442139",
        "rotation": "x:0 y:0 z:0",
        "scale": "x:1 y:1 z:1",
        "selectable": "true",
        "useAnchor": "false",
        "useForCollision": "false"
      }
    },
    {
      "attributes": [],
      "class": "Entity",
      "config": "myplugin/ebfdac60-d222-4861-9fae-4499bc3ed7ee",
      "customProperties": [],
      "properties": {
        "bakeTextureWeight": "1",
        "batchType": "Static",
        "canAcceptShadow": "true",
        "canGenerateShadow": "true",
        "collisionGroup": "1",
        "id": "8809080984472109057",
        "isVisibleInEditor": "true",
        "name": "Zombie Es",
        "needSync": "true",
        "position": "x:2.47391557693481 y:53.0000038146973 z:16.9295597076416",
        "rotation": "x:0 y:0 z:0",
        "scale": "x:1 y:1 z:1",
        "selectable": "true",
        "useAnchor": "false",
        "useForCollision": "false"
      }
    },
    {
      "attributes": [],
      "class": "Entity",
      "config": "myplugin/ebfdac60-d222-4861-9fae-4499bc3ed7ee",
      "customProperties": [],
      "properties": {
        "bakeTextureWeight": "1",
        "batchType": "Static",
        "canAcceptShadow": "true",
        "canGenerateShadow": "true",
        "collisionGroup": "1",
        "id": "8809081214136696833",
        "isVisibleInEditor": "true",
        "name": "Zombie Es",
        "needSync": "true",
        "position": "x:21.2776718139648 y:53.004150390625 z:17.7961730957031",
        "rotation": "x:0 y:0 z:0",
        "scale": "x:1 y:1 z:1",
        "selectable": "true",
        "useAnchor": "false",
        "useForCollision": "false"
      }
    },
    {
      "attributes": [],
      "class": "Entity",
      "config": "myplugin/ebfdac60-d222-4861-9fae-4499bc3ed7ee",
      "customProperties": [],
      "properties": {
        "bakeTextureWeight": "1",
        "batchType": "Static",
        "canAcceptShadow": "true",
        "canGenerateShadow": "true",
        "collisionGroup": "1",
        "id": "8809081301102821377",
        "isVisibleInEditor": "true",
        "name": "Zombie Es",
        "needSync": "true",
        "position": "x:41.907787322998 y:53.0019683837891 z:21.7363376617432",
        "rotation": "x:0 y:0 z:0",
        "scale": "x:1 y:1 z:1",
        "selectable": "true",
        "useAnchor": "false",
        "useForCollision": "false"
      }
    },
    {
      "attributes": [],
      "class": "Entity",
      "config": "myplugin/ebfdac60-d222-4861-9fae-4499bc3ed7ee",
      "customProperties": [],
      "properties": {
        "bakeTextureWeight": "1",
        "batchType": "Static",
        "canAcceptShadow": "true",
        "canGenerateShadow": "true",
        "collisionGroup": "1",
        "id": "8809081445564088321",
        "isVisibleInEditor": "true",
        "name": "Zombie Es",
        "needSync": "true",
        "position": "x:39.9085311889648 y:52.9999961853027 z:31.3511657714844",
        "rotation": "x:0 y:0 z:0",
        "scale": "x:1 y:1 z:1",
        "selectable": "true",
        "useAnchor": "false",
        "useForCollision": "false"
      }
    },
    {
      "attributes": [],
      "class": "Entity",
      "config": "myplugin/ebfdac60-d222-4861-9fae-4499bc3ed7ee",
      "customProperties": [],
      "properties": {
        "bakeTextureWeight": "1",
        "batchType": "Static",
        "canAcceptShadow": "true",
        "canGenerateShadow": "true",
        "collisionGroup": "1",
        "id": "8809081570796453889",
        "isVisibleInEditor": "true",
        "name": "Zombie Es",
        "needSync": "true",
        "position": "x:37.0626602172852 y:53.000560760498 z:59.9337005615234",
        "rotation": "x:0 y:0 z:0",
        "scale": "x:1 y:1 z:1",
        "selectable": "true",
        "useAnchor": "false",
        "useForCollision": "false"
      }
    },
    {
      "attributes": [],
      "class": "RegionPart",
      "customProperties": [],
      "properties": {
        "bakeTextureWeight": "1",
        "batchType": "Static",
        "canAcceptShadow": "true",
        "canGenerateShadow": "true",
        "cfgName": "myplugin/dc412bff-8f51-4869-8291-c637c15a5152",
        "id": "8815403616359301121",
        "isVisibleInEditor": "true",
        "name": "Region",
        "needSync": "true",
        "position": "x:30.9239635467529 y:51.5961799621582 z:-10.6201028823853",
        "rotation": "x:0 y:0 z:0",
        "scale": "x:27.3327 y:3.18998 z:20.4535",
        "selectable": "true",
        "useAnchor": "false",
        "useForCollision": "false"
      }
    }
  ],
  "skyBox": [
    {
      "texture": [
        "@asset/Texture/SkyBox/Night/Sky03_right.png",
        "@asset/Texture/SkyBox/Night/Sky03_left.png",
        "@asset/Texture/SkyBox/Night/Sky03_top.png",
        "@asset/Texture/SkyBox/Night/Sky03_bottom.png",
        "@asset/Texture/SkyBox/Night/Sky03_back.png",
        "@asset/Texture/SkyBox/Night/Sky03_front.png"
      ],
      "time": 6,
      "transition": 0
    }
  ],
  "skyBoxMode": "dynamic_switch",
  "skyBoxRotate": {
    "x": 0,
    "y": 300,
    "z": 0
  },
  "skyBoxTexPixFmt": "RGBA8",
  "skyBoxTexSize": 512,
  "touchPosY": {
    "touchdownPosY": -30,
    "touchupPosY": 600
  },
  "useLod": false
}