{
  "breakTime": 100,
  "canClick": false,
  "candrop": false,
  "canSwim": false,
  "climbSpeed": 0,
  "collisionBoxes": [
    {
      "__OBJ_TYPE": "Box",
      "max": {
        "__OBJ_TYPE": "Vector3",
        "x": 1,
        "y": 1,
        "z": 1
      },
      "min": {
        "__OBJ_TYPE": "Vector3",
        "x": 0,
        "y": 0,
        "z": 0
      }
    }
  ],
  "dropCount": 1,
  "dropItem": [
    {
      "__OBJ_TYPE": "Block_DropItem",
      "count": 1,
      "item": "myplugin/hEAL"
    }
  ],
  "dropSelf": true,
  "fall": true,
  "maxFallSpeed": 1.5,
  "maxSpeed": 500,
  "recycle": true,
  "recycleTime": 100,
  "spring": 0,
  "texture": [
    "@asset/Texture/Block/diamond_block.png",
    "@asset/Texture/Block/diamond_block.png",
    "@asset/Texture/Block/diamond_block.png",
    "@asset/Texture/Block/diamond_block.png",
    "@asset/Texture/Block/diamond_block.png",
    "@asset/Texture/Block/diamond_block.png"
  ]
}